,percent_error,obtain_optimal,timing_code,number_of_iterations
0,18.433925049309664,0.0,672.0273099398613,100.0
1,2.151970376587308,0.0,1.33298387595632,0.0
