,percent_error,obtain_optimal,timing_code,number_of_iterations
0,18.19723865877712,0.0,657.7594974780083,100.0
1,2.621860439303103,0.0,2.3755844255565903,0.0
