,percent_error,obtain_optimal,timing_code,number_of_iterations
0,16.70880829015544,0.0,1815.0127269697189,100.0
1,1.6124013820368601,0.0,10.539136255080166,0.0
