,percent_error,obtain_optimal,timing_code,number_of_iterations
0,20.426943005181347,0.0,1734.8228089213371,100.0
1,1.82521108762255,0.0,33.30700993589996,0.0
