,percent_error,obtain_optimal,timing_code,number_of_iterations
0,21.415652173913042,0.0,658.0347538018227,100.0
1,2.8282402526003247,0.0,1.8096865353518268,0.0
