,percent_error,obtain_optimal,timing_code,number_of_iterations
0,19.83726708074534,0.0,673.2898188829422,100.0
1,2.102939745269476,0.0,2.773933926732328,0.0
