,percent_error,obtain_optimal,timing_code,number_of_iterations
0,21.490683229813666,0.0,22.946181893348694,30.0
1,1.2297509238026918,0.0,0.04511685263175971,0.0
