,percent_error,obtain_optimal,timing_code,number_of_iterations
0,19.55017301038062,0.0,14.275219917297363,30.0
1,4.648798907454812,0.0,0.5380881405890079,0.0
