,percent_error,obtain_optimal,timing_code,number_of_iterations
0,21.005917159763314,0.0,18.252063870429993,30.0
1,0.9762815519340874,0.0,0.06289843943111185,0.0
