,percent_error,obtain_optimal,timing_code,number_of_iterations
0,16.59751552795031,0.0,668.9012311673164,100.0
1,2.2482530863784524,0.0,2.2469339790749294,0.0
