,percent_error,obtain_optimal,timing_code,number_of_iterations
0,16.747150259067357,0.0,1815.4731059122087,100.0
1,1.4594165897822844,0.0,14.7088112467521,0.0
