,percent_error,obtain_optimal,timing_code,number_of_iterations
0,19.73913043478261,0.0,18.375494718551636,30.0
1,0.8608256466618853,0.0,0.15833053698996497,0.0
