,percent_error,obtain_optimal,timing_code,number_of_iterations
0,21.98443579766537,0.0,205.72643566131592,30.0
1,0.2751388253644144,0.0,1.7726907163968055,0.0
