,percent_error,obtain_optimal,timing_code,number_of_iterations
0,23.387096774193548,0.0,18.436458468437195,30.0
1,1.3685937700384803,0.0,0.1427552534164611,0.0
