,percent_error,obtain_optimal,timing_code,number_of_iterations
0,22.682445759368836,0.0,22.750948309898376,30.0
1,1.394687931334414,0.0,0.4536789612023,0.0
