,percent_error,obtain_optimal,timing_code,number_of_iterations
0,20.993788819875775,0.0,18.18710196018219,30.0
1,1.5811083306034626,0.0,0.1561808791285153,0.0
