,percent_error,obtain_optimal,timing_code,number_of_iterations
0,24.31906614785992,0.0,200.871439576149,30.0
1,4.017026850320465,0.0,2.4365421869566224,0.0
