,percent_error,obtain_optimal,timing_code,number_of_iterations
0,18.53348729792148,0.0,202.00449693202972,30.0
1,1.877997224860347,0.0,0.03462026430381857,0.0
