,percent_error,obtain_optimal,timing_code,number_of_iterations
0,29.06574394463668,0.0,14.060245037078857,30.0
1,2.4467362670814756,0.0,0.04144889669955363,0.0
