,percent_error,obtain_optimal,timing_code,number_of_iterations
0,19.193995381062354,0.0,2060.9253528261183,100.0
1,2.3316741064082356,0.0,127.53522812596937,0.0
