,percent_error,obtain_optimal,timing_code,number_of_iterations
0,19.751552795031053,0.0,20.5600004196167,30.0
1,0.1756787034003842,0.0,0.4858665094100698,0.0
