,percent_error,obtain_optimal,timing_code,number_of_iterations
0,21.696252465483234,0.0,18.233075499534607,30.0
1,1.1157503450675288,0.0,0.09681957181183172,0.0
