,percent_error,obtain_optimal,timing_code,number_of_iterations
0,20.848695652173912,0.0,648.7312768125535,100.0
1,2.714389945485862,0.0,1.896822905166264,0.0
