,percent_error,obtain_optimal,timing_code,number_of_iterations
0,18.991935483870968,0.0,655.4938493919373,100.0
1,2.6470337053631448,0.0,3.0618736209501827,0.0
