,percent_error,obtain_optimal,timing_code,number_of_iterations
0,16.463048498845264,0.0,1867.4802436161042,100.0
1,1.6127289522306358,0.0,47.71361745052761,0.0
