,percent_error,obtain_optimal,timing_code,number_of_iterations
0,22.286374133949195,0.0,147.80799448490143,30.0
1,2.612865704153525,0.0,0.9250739287076692,0.0
