,percent_error,obtain_optimal,timing_code,number_of_iterations
0,20.956521739130434,0.0,18.204591155052185,30.0
1,3.0743773095067293,0.0,0.018371136916322535,0.0
