,percent_error,obtain_optimal,timing_code,number_of_iterations
0,19.87577639751553,0.0,22.49072015285492,30.0
1,1.2297509238026894,0.0,0.09802935495148843,0.0
