,percent_error,obtain_optimal,timing_code,number_of_iterations
0,16.782006920415224,0.0,11.757778406143188,30.0
1,3.670104400622217,0.0,0.23957077913083577,0.0
