,percent_error,obtain_optimal,timing_code,number_of_iterations
0,23.891050583657588,0.0,188.57510352134705,30.0
1,1.760888482332257,0.0,24.276614076481525,0.0
