,percent_error,obtain_optimal,timing_code,number_of_iterations
0,20.907297830374755,0.0,22.75184988975525,30.0
1,0.0,0.0,0.12932541301955577,0.0
