,percent_error,obtain_optimal,timing_code,number_of_iterations
0,22.286374133949195,0.0,146.89001858234406,30.0
1,3.4293862367015007,0.0,0.7208343469213337,0.0
