,percent_error,obtain_optimal,timing_code,number_of_iterations
0,22.580645161290324,0.0,21.690098643302917,30.0
1,5.930573003500078,0.0,0.5674815213278994,0.0
