,percent_error,obtain_optimal,timing_code,number_of_iterations
0,17.56695652173913,0.0,652.3987248754502,100.0
1,2.6101000465065476,0.0,2.286300923305818,0.0
