,percent_error,obtain_optimal,timing_code,number_of_iterations
0,18.756476683937827,0.0,203.44001471996307,30.0
1,3.5172150774045887,0.0,0.7064932916596229,0.0
