,percent_error,obtain_optimal,timing_code,number_of_iterations
0,20.389105058365757,0.0,166.26144409179688,30.0
1,4.402221205830646,0.0,22.174213958980605,0.0
