,percent_error,obtain_optimal,timing_code,number_of_iterations
0,19.254922279792748,0.0,1799.7132547402382,100.0
1,1.9558779453625157,0.0,6.711325845487124,0.0
