,percent_error,obtain_optimal,timing_code,number_of_iterations
0,16.571428571428573,0.0,653.9059782075882,100.0
1,2.1998311574279263,0.0,3.1928746217045143,0.0
