,percent_error,obtain_optimal,timing_code,number_of_iterations
0,21.191709844559586,0.0,162.25058436393738,30.0
1,4.176692904417949,0.0,20.658828404043657,0.0
