,percent_error,obtain_optimal,timing_code,number_of_iterations
0,19.701612903225808,0.0,685.2996439552307,100.0
1,2.502101304230019,0.0,2.856929391368301,0.0
