,percent_error,obtain_optimal,timing_code,number_of_iterations
0,14.92733564013841,0.0,601.4955384898186,100.0
1,3.0177496035934457,0.0,1.3285939432687681,0.0
