,percent_error,obtain_optimal,timing_code,number_of_iterations
0,22.258064516129032,0.0,23.08490824699402,30.0
1,5.474375080153917,0.0,0.14204094862789846,0.0
