,percent_error,obtain_optimal,timing_code,number_of_iterations
0,23.21243523316062,0.0,148.04385805130005,30.0
1,3.6637657056297805,0.0,0.7031736372835109,0.0
