,percent_error,obtain_optimal,timing_code,number_of_iterations
0,20.91828793774319,0.0,1822.1543645381928,100.0
1,1.9719620323416822,0.0,9.177322791707565,0.0
