,percent_error,obtain_optimal,timing_code,number_of_iterations
0,15.249134948096886,0.0,602.8454048609733,100.0
1,2.875423293837514,0.0,1.200819164250936,0.0
