,percent_error,obtain_optimal,timing_code,number_of_iterations
0,26.643598615916957,0.0,11.674824833869934,30.0
1,1.4680417602488887,0.0,0.06289506768323098,0.0
