,percent_error,obtain_optimal,timing_code,number_of_iterations
0,24.26086956521739,0.0,23.260486841201782,30.0
1,5.0419787875910345,0.0,0.1698163961461538,0.0
