,percent_error,obtain_optimal,timing_code,number_of_iterations
0,19.130434782608695,0.0,22.95919406414032,30.0
1,1.4757011085632286,0.0,0.2607640690234478,0.0
