,percent_error,obtain_optimal,timing_code,number_of_iterations
0,19.48186528497409,0.0,201.05907428264618,30.0
1,0.29310125645038093,0.0,0.8529910166364574,0.0
