,percent_error,obtain_optimal,timing_code,number_of_iterations
0,18.100591715976332,0.0,652.5928967547417,100.0
1,2.399979355076926,0.0,5.668988140123129,0.0
