,percent_error,obtain_optimal,timing_code,number_of_iterations
0,24.758064516129032,0.0,22.978032112121582,30.0
1,1.9388411742211789,0.0,0.16833687317602739,0.0
