,percent_error,obtain_optimal,timing_code,number_of_iterations
0,19.630484988452658,0.0,203.4865791797638,30.0
1,2.44956159764393,0.0,1.9946700753087703,0.0
