,percent_error,obtain_optimal,timing_code,number_of_iterations
0,20.53287197231834,0.0,597.7487943148612,100.0
1,3.035411573761637,0.0,0.28730214347540745,0.0
