,percent_error,obtain_optimal,timing_code,number_of_iterations
0,20.517098445595856,0.0,1726.2599945569038,100.0
1,1.8126411006524286,0.0,10.518765058657376,0.0
