,percent_error,obtain_optimal,timing_code,number_of_iterations
0,20.913618677042802,0.0,1810.7794750714302,100.0
1,1.8395079772887566,0.0,5.684610683921674,0.0
