,percent_error,obtain_optimal,timing_code,number_of_iterations
0,21.295652173913044,0.0,672.0855984282493,100.0
1,2.751292266340769,0.0,2.802188619110316,0.0
