,percent_error,obtain_optimal,timing_code,number_of_iterations
0,20.962645914396887,0.0,1774.5420663809775,100.0
1,1.7073627854989402,0.0,26.67172210717468,0.0
