,percent_error,obtain_optimal,timing_code,number_of_iterations
0,19.53167701863354,0.0,674.6774388766289,100.0
1,2.4194937843711686,0.0,3.167978239134456,0.0
