,percent_error,obtain_optimal,timing_code,number_of_iterations
0,21.29391304347826,0.0,655.2790177726746,100.0
1,2.5984656684247804,0.0,4.433690129978375,0.0
