,percent_error,obtain_optimal,timing_code,number_of_iterations
0,20.217090069284065,0.0,1863.4540682959557,100.0
1,2.162658214080182,0.0,15.194853564166499,0.0
