,percent_error,obtain_optimal,timing_code,number_of_iterations
0,19.5121107266436,0.0,604.313921585083,100.0
1,3.2859166503948556,0.0,1.2901772215648333,0.0
