,percent_error,obtain_optimal,timing_code,number_of_iterations
0,15.957274826789838,0.0,1806.9929897117615,100.0
1,1.613433669977477,0.0,5.082838527096296,0.0
