,percent_error,obtain_optimal,timing_code,number_of_iterations
0,23.38225806451613,0.0,662.259714024067,100.0
1,2.4557868423420075,0.0,4.185651460323353,0.0
