,percent_error,obtain_optimal,timing_code,number_of_iterations
0,19.34285714285714,0.0,656.7359066557884,100.0
1,2.413523320783092,0.0,1.9951174274206676,0.0
