,percent_error,obtain_optimal,timing_code,number_of_iterations
0,19.775086505190313,0.0,598.5685810232162,100.0
1,2.978766220851732,0.0,0.3180230218110075,0.0
