,percent_error,obtain_optimal,timing_code,number_of_iterations
0,23.38225806451613,0.0,657.8787499284745,100.0
1,2.385001568321575,0.0,1.8857977298237711,0.0
