,percent_error,obtain_optimal,timing_code,number_of_iterations
0,21.20695652173913,0.0,655.4237419676781,100.0
1,2.9650160854938394,0.0,1.7894660881005717,0.0
