,percent_error,obtain_optimal,timing_code,number_of_iterations
0,22.816129032258065,0.0,654.1773187541962,100.0
1,2.5791601299043463,0.0,2.1033545372270157,0.0
