,percent_error,obtain_optimal,timing_code,number_of_iterations
0,20.968695652173913,0.0,653.4291121387482,100.0
1,2.9088885476961863,0.0,2.8967600041347854,0.0
