,percent_error,obtain_optimal,timing_code,number_of_iterations
0,18.905311778290994,0.0,1775.7262559962273,100.0
1,1.9589673510744015,0.0,45.767878528501086,0.0
