,percent_error,obtain_optimal,timing_code,number_of_iterations
0,19.045962732919254,0.0,688.5179548239707,100.0
1,2.3976211745230738,0.0,1.9783973587327506,0.0
