,percent_error,obtain_optimal,timing_code,number_of_iterations
0,20.129533678756477,0.0,1817.4401073241233,100.0
1,1.8075402634727886,0.0,5.342998369343651,0.0
