,percent_error,obtain_optimal,timing_code,number_of_iterations
0,20.26643598615917,0.0,597.7246199655533,100.0
1,3.460646227137592,0.0,1.2572630863060779,0.0
