,percent_error,obtain_optimal,timing_code,number_of_iterations
0,18.37475345167653,0.0,653.0939847707748,100.0
1,2.604733338279832,0.0,2.709354508472709,0.0
