,percent_error,obtain_optimal,timing_code,number_of_iterations
0,22.588709677419356,0.0,657.4891836762429,100.0
1,2.4604818698496134,0.0,2.3570366352348886,0.0
