,percent_error,obtain_optimal,timing_code,number_of_iterations
0,14.919132149901381,0.0,674.6712115502357,100.0
1,2.5386927179035057,0.0,3.0314635639790204,0.0
