,percent_error,obtain_optimal,timing_code,number_of_iterations
0,14.610362694300518,0.0,502.43175698280334,100.0
1,1.8345303973427691,0.0,0.19730958670609547,0.0
