,percent_error,obtain_optimal,timing_code,number_of_iterations
0,14.508083140877599,0.0,501.77325594186783,100.0
1,2.2793260001018765,0.0,0.01799715277968227,0.0
