,percent_error,obtain_optimal,timing_code,number_of_iterations
0,14.136645962732919,0.0,501.692089304924,100.0
1,2.180043876630945,0.0,0.03907620962641749,0.0
