,percent_error,obtain_optimal,timing_code,number_of_iterations
0,19.914549653579677,0.0,1740.0329929304123,100.0
1,2.332415684921716,0.0,13.437514239752645,0.0
