,percent_error,obtain_optimal,timing_code,number_of_iterations
0,18.100591715976332,0.0,656.0248673725129,100.0
1,2.2740373986989937,0.0,1.5745232646444167,0.0
