,percent_error,obtain_optimal,timing_code,number_of_iterations
0,20.27461139896373,0.0,1787.1884057354928,100.0
1,2.0006572210302664,0.0,35.897651710885675,0.0
