,percent_error,obtain_optimal,timing_code,number_of_iterations
0,23.385483870967743,0.0,653.0039923882484,100.0
1,2.5871024418363993,0.0,2.0641650212649076,0.0
