,average,standard deviation,domain with QUBO size
0,48.28382942790796,27.955257836250862,16 (49)
