,average,standard deviation,domain with QUBO size
0,3.804932735426009,2.3483339291200305,4 (5)
