,average,standard deviation,domain with QUBO size
0,30.22861881070836,22.56139797086876,10 (29)
