,average,standard deviation,domain with QUBO size
0,44.1980547112462,26.765505999149145,14 (49)
