,percent_error,obtain_optimal,timing_code,number_of_iterations
0,66.83992486153322,0.0,1820.8805645952225,100.0
1,8.610079687250712,0.0,18.496526911946415,0.0
