,percent_error,obtain_optimal,timing_code,number_of_iterations
0,1.7893579057161015e-14,0.024,503.78140959644315,100.0
1,2.811565847562619e-15,0.1533560311469902,0.6303185277127794,0.0
