,percent_error,obtain_optimal,timing_code,number_of_iterations
0,12.031527388523212,0.008,508.3454480848312,100.0
1,6.797990633815575,0.08926293455821277,1.2665542540546875,0.0
