,percent_error,obtain_optimal,timing_code,number_of_iterations
0,54.73635525270499,0.0,618.7529154672623,100.0
1,9.693481193882736,0.0,0.2584205263237989,0.0
