,percent_error,obtain_optimal,timing_code,number_of_iterations
0,18.083110938604804,0.0,531.7466224136352,100.0
1,6.328197584668578,0.0,1.4691137215129657,0.0
