,percent_error,obtain_optimal,timing_code,number_of_iterations
0,0.6012135211033497,0.212,507.2360040807724,100.0
1,0.6846430747755701,0.40954475656577766,0.6444791339882598,0.0
