,percent_error,obtain_optimal,timing_code,number_of_iterations
0,0.11097644196864064,0.144,506.6853830623627,100.0
1,0.28134232201848,0.3517940251689592,1.2781759082351192,0.0
