,percent_error,obtain_optimal,timing_code,number_of_iterations
0,75.66700775554125,0.0,639.7782855453491,100.0
1,10.51088508300454,0.0,2.426080633012875,0.0
