,percent_error,obtain_optimal,timing_code,number_of_iterations
0,56.713811276585396,0.0,640.4221902399063,100.0
1,7.000705936232824,0.0,1.837701584322547,0.0
