,percent_error,obtain_optimal,timing_code,number_of_iterations
0,0.055511226848935176,0.2,502.5020293149948,100.0
1,0.17881866421566192,0.4008024080281012,0.30355071989397553,0.0
