,percent_error,obtain_optimal,timing_code,number_of_iterations
0,77.06769569818297,0.0,640.3533881902695,100.0
1,10.014719643043623,0.0,4.809459291765565,0.0
