,percent_error,obtain_optimal,timing_code,number_of_iterations
0,54.1664015646312,0.0,632.1385483350754,100.0
1,10.240070143857528,0.0,5.467805401433329,0.0
