,percent_error,obtain_optimal,timing_code,number_of_iterations
0,48.49134514315837,0.0,572.9199920854569,100.0
1,9.414750832782708,0.0,2.042232711824971,0.0
