,percent_error,obtain_optimal,timing_code,number_of_iterations
0,53.24223188353252,0.0,662.4984937810898,100.0
1,8.352841944491942,0.0,6.201156765111323,0.0
