,percent_error,obtain_optimal,timing_code,number_of_iterations
0,47.68591890065636,0.0,640.310832479477,100.0
1,8.748996779797928,0.0,2.155930298844189,0.0
