,percent_error,obtain_optimal,timing_code,number_of_iterations
0,67.43669553868243,0.0,1701.765712474823,100.0
1,6.640012476054959,0.0,14.199077605020163,0.0
