,percent_error,obtain_optimal,timing_code,number_of_iterations
0,79.02537765989543,0.0,1705.7798123636246,100.0
1,10.157968379562242,0.0,32.692359050889394,0.0
