,percent_error,obtain_optimal,timing_code,number_of_iterations
0,77.66629378125376,0.0,1921.5513861007692,100.0
1,7.958957248695846,0.0,69.45426361709113,0.0
