,percent_error,obtain_optimal,timing_code,number_of_iterations
0,0.0069554735497490685,0.14,507.06575228118896,100.0
1,0.041063044998357806,0.34768309440717154,1.3075858753956962,0.0
