,percent_error,obtain_optimal,timing_code,number_of_iterations
0,62.55734294863814,0.0,640.1417536754608,100.0
1,10.922097940630591,0.0,2.197075513043437,0.0
