,percent_error,obtain_optimal,timing_code,number_of_iterations
0,0.42057227332354924,0.156,503.64598797512053,100.0
1,0.7445947282926448,0.36358323817846355,0.34368575656923883,0.0
