,percent_error,obtain_optimal,timing_code,number_of_iterations
0,41.75716945758764,0.0,616.0984839458465,100.0
1,9.70598454208135,0.0,2.7757025462849088,0.0
