,percent_error,obtain_optimal,timing_code,number_of_iterations
0,82.75595061157047,0.0,1693.1516790161133,100.0
1,10.232213870780177,0.0,12.678745286581293,0.0
