,percent_error,obtain_optimal,timing_code,number_of_iterations
0,48.523757864785004,0.0,589.8545742635727,100.0
1,7.85034945314303,0.0,1.774214802854033,0.0
