,percent_error,obtain_optimal,timing_code,number_of_iterations
0,77.9732581333354,0.0,1700.079365729332,100.0
1,11.18970697601669,0.0,18.01779098918813,0.0
