,percent_error,obtain_optimal,timing_code,number_of_iterations
0,46.325009387292994,0.0,640.3232332324982,100.0
1,7.641136026245399,0.0,2.0198795766547173,0.0
