,percent_error,obtain_optimal,timing_code,number_of_iterations
0,84.7662031378535,0.0,1679.9490883359908,100.0
1,9.757894279196462,0.0,22.146824074569132,0.0
