,percent_error,obtain_optimal,timing_code,number_of_iterations
0,0.223314517790339,0.404,513.2529778347015,100.0
1,0.31611386612134995,0.4916818117604761,0.7831938426098232,0.0
