,percent_error,obtain_optimal,timing_code,number_of_iterations
0,6.772978508051091,0.064,546.8574144802094,100.0
1,4.835968288819346,0.24524391595563183,0.7890446641708032,0.0
