,percent_error,obtain_optimal,timing_code,number_of_iterations
0,0.008942751706813478,0.264,505.01651838970184,100.0
1,0.04636911106684528,0.4416835262372795,2.4027328229202016,0.0
