,percent_error,obtain_optimal,timing_code,number_of_iterations
0,73.29429182932277,0.0,642.5092903060913,100.0
1,10.678189450092875,0.0,2.4966053830142543,0.0
