,percent_error,obtain_optimal,timing_code,number_of_iterations
0,77.02757556122205,0.0,1734.3926952438355,100.0
1,9.968230843877905,0.0,33.02668798919022,0.0
