,percent_error,obtain_optimal,timing_code,number_of_iterations
0,46.752758194775645,0.0,562.2392050943374,100.0
1,10.28366056057249,0.0,1.7499271107149814,0.0
