,percent_error,obtain_optimal,timing_code,number_of_iterations
0,14.954281541570198,0.0,501.0768823695183,100.0
1,8.189925078478366,0.0,0.05466323171959582,0.0
