,percent_error,obtain_optimal,timing_code,number_of_iterations
0,50.080727322924496,0.0,588.4583626670837,100.0
1,8.116662119927721,0.0,0.2904829123566413,0.0
