,percent_error,obtain_optimal,timing_code,number_of_iterations
0,12.882822562224892,0.008,504.39266739559173,100.0
1,6.6188663548378255,0.08926293455821277,0.2867791583683869,0.0
