,percent_error,obtain_optimal,timing_code,number_of_iterations
0,77.98249481843519,0.0,1662.062578350067,100.0
1,7.466143740725354,0.0,39.41327297473629,0.0
