,percent_error,obtain_optimal,timing_code,number_of_iterations
0,1.6940232631984404e-14,0.076,502.94802436256407,100.0
1,4.868111438208219e-15,0.2655297047344902,0.6090257998410676,0.0
