,percent_error,obtain_optimal,timing_code,number_of_iterations
0,77.54549044990797,0.0,636.8049240713119,100.0
1,10.404673919508543,0.0,1.49037907830641,0.0
