,percent_error,obtain_optimal,timing_code,number_of_iterations
0,82.67322226229325,0.0,1648.7534807119368,100.0
1,10.41038508735234,0.0,27.482257366750424,0.0
