,percent_error,obtain_optimal,timing_code,number_of_iterations
0,54.30873852000231,0.0,634.108256228447,100.0
1,9.616781775215262,0.0,2.888997562875845,0.0
