,percent_error,obtain_optimal,timing_code,number_of_iterations
0,0.7578188093346939,0.184,503.5705528669357,100.0
1,1.108849164368908,0.38826149429451184,0.28017597866233324,0.0
