,percent_error,obtain_optimal,timing_code,number_of_iterations
0,56.702267510926916,0.0,639.9156029214859,100.0
1,7.752615631531368,0.0,1.775450246418138,0.0
