,percent_error,obtain_optimal,timing_code,number_of_iterations
0,24.731578267125613,0.0,537.8339748916626,100.0
1,9.103433629716612,0.0,1.4488503103526988,0.0
