,percent_error,obtain_optimal,timing_code,number_of_iterations
0,49.81290066722633,0.0,588.871783791542,100.0
1,8.022806774569093,0.0,0.30664896397152186,0.0
