,percent_error,obtain_optimal,timing_code,number_of_iterations
0,95.67385934582072,0.0,1658.805937028885,100.0
1,7.88077227684994,0.0,31.836279289810726,0.0
