,percent_error,obtain_optimal,timing_code,number_of_iterations
0,83.03068611578567,0.0,1680.9044631710053,100.0
1,6.657526700406717,0.0,26.90820580113219,0.0
