,percent_error,obtain_optimal,timing_code,number_of_iterations
0,55.98908896392364,0.0,641.3765752267838,100.0
1,7.649971252032359,0.0,1.8752049909567496,0.0
