,percent_error,obtain_optimal,timing_code,number_of_iterations
0,48.5262859076509,0.0,577.995127872467,100.0
1,11.012004217935042,0.0,9.811654673294335,0.0
