,percent_error,obtain_optimal,timing_code,number_of_iterations
0,0.7558761758130792,0.204,503.48917753791807,100.0
1,1.2845516113148079,0.40377734530098797,0.32914942255364416,0.0
