,percent_error,obtain_optimal,timing_code,number_of_iterations
0,17.55940191537467,0.004,534.7501758852005,100.0
1,5.98794563948003,0.06324555320336758,1.0246447903722251,0.0
