,percent_error,obtain_optimal,timing_code,number_of_iterations
0,12.076536650500236,0.024,503.790565404892,100.0
1,7.367406962305921,0.1533560311469902,0.6583118743606313,0.0
