,percent_error,obtain_optimal,timing_code,number_of_iterations
0,77.87981756885947,0.0,1664.5746160383223,100.0
1,7.249946449673627,0.0,27.11998153487005,0.0
