,percent_error,obtain_optimal,timing_code,number_of_iterations
0,83.36069786781592,0.0,1713.767255203247,100.0
1,9.8242623744964,0.0,25.265620140473594,0.0
