,percent_error,obtain_optimal,timing_code,number_of_iterations
0,49.62661664767573,0.0,591.7964063291549,100.0
1,7.558042691155744,0.0,1.9100194433346176,0.0
