,percent_error,obtain_optimal,timing_code,number_of_iterations
0,77.05418728643022,0.0,637.2425876302719,100.0
1,10.879808458309704,0.0,3.138965084428994,0.0
