,percent_error,obtain_optimal,timing_code,number_of_iterations
0,77.76034400230145,0.0,663.4020871610642,100.0
1,11.313510326033837,0.0,1.6451875555274504,0.0
