,percent_error,obtain_optimal,timing_code,number_of_iterations
0,85.23231935676242,0.0,1691.3761077022552,100.0
1,10.091701941089797,0.0,12.094324614745611,0.0
