,percent_error,obtain_optimal,timing_code,number_of_iterations
0,65.92352312267765,0.0,1755.6697332515716,100.0
1,6.349428011055156,0.0,25.246088998929256,0.0
