,percent_error,obtain_optimal,timing_code,number_of_iterations
0,24.106495820511597,0.0,535.3340181369781,100.0
1,9.016392891283765,0.0,2.8021098408796288,0.0
