,percent_error,obtain_optimal,timing_code,number_of_iterations
0,0.003578560054034556,0.092,504.8941415338516,100.0
1,0.05658200257195902,0.2896057422493123,0.7720980754854566,0.0
