,percent_error,obtain_optimal,timing_code,number_of_iterations
0,61.980261656153814,0.0,1730.3435283679962,100.0
1,8.147758563484178,0.0,25.035995404322573,0.0
