,percent_error,obtain_optimal,timing_code,number_of_iterations
0,16.815764793178747,0.004,536.8656811332703,100.0
1,6.388618762715175,0.06324555320336758,1.1039951573686069,0.0
