,percent_error,obtain_optimal,timing_code,number_of_iterations
0,9.273217918738874,0.04,535.5145773324966,100.0
1,5.789394855419134,0.19635227746952638,1.1160684504434764,0.0
