,percent_error,obtain_optimal,timing_code,number_of_iterations
0,37.56775072868482,0.008,588.2515254039764,100.0
1,9.48105045572305,0.08926293455821277,1.6582905339977747,0.0
