,percent_error,obtain_optimal,timing_code,number_of_iterations
0,73.985557892161,0.0,635.1097911510468,100.0
1,11.273027437941217,0.0,3.0487924402994073,0.0
