,percent_error,obtain_optimal,timing_code,number_of_iterations
0,54.96790031478089,0.0,640.5617174377442,100.0
1,8.075472977231918,0.0,1.9016083122109941,0.0
