,percent_error,obtain_optimal,timing_code,number_of_iterations
0,54.81430805621031,0.0,618.4949876089096,100.0
1,9.284414826132105,0.0,0.8565160774016429,0.0
