,percent_error,obtain_optimal,timing_code,number_of_iterations
0,16.49389313752345,0.0,12.33861529827118,30.0
1,2.397188991466471,0.0,4.9767526400207025,0.0
