,percent_error,obtain_optimal,timing_code,number_of_iterations
0,7.82681297198911,0.0,6.531324863433838,30.0
1,7.489297073524632,0.0,0.038860743026196645,0.0
