,percent_error,obtain_optimal,timing_code,number_of_iterations
0,28.425471414054297,0.0,568.9772401094436,100.0
1,12.120505808008993,0.0,1.2275637124179841,0.0
