,percent_error,obtain_optimal,timing_code,number_of_iterations
0,41.13941961655833,0.0,632.161638830185,100.0
1,10.287576985382621,0.0,2.542236926813525,0.0
