,percent_error,obtain_optimal,timing_code,number_of_iterations
0,36.39739682828022,0.0,596.567114525795,100.0
1,9.319872128726846,0.0,1.6077445319890737,0.0
