,percent_error,obtain_optimal,timing_code,number_of_iterations
0,1.826025075915202e-14,0.004,506.4772119455337,100.0
1,1.1595177318220709e-15,0.06324555320336758,1.5834507610949062,0.0
