,percent_error,obtain_optimal,timing_code,number_of_iterations
0,85.09771012147915,0.0,1723.6707093200685,100.0
1,6.776946334234458,0.0,13.81448888857412,0.0
