,percent_error,obtain_optimal,timing_code,number_of_iterations
0,94.20440795295589,0.0,1713.5495782470703,100.0
1,8.009629333316168,0.0,4.4039370275558465,0.0
