,percent_error,obtain_optimal,timing_code,number_of_iterations
0,1.811358207835562e-14,0.012,504.6217123165131,100.0
1,2.0002617253183996e-15,0.10910368672886964,1.1618098017032574,0.0
