,percent_error,obtain_optimal,timing_code,number_of_iterations
0,73.57798025499635,0.0,1721.2498276643753,100.0
1,8.013946069331896,0.0,36.46228903518781,0.0
