,percent_error,obtain_optimal,timing_code,number_of_iterations
0,73.76450353323749,0.0,637.1257896480561,100.0
1,11.299175760997993,0.0,2.0614869947269177,0.0
