,percent_error,obtain_optimal,timing_code,number_of_iterations
0,69.66888682017851,0.0,1720.3338807163238,100.0
1,9.544081244793448,0.0,36.38582454120734,0.0
