,percent_error,obtain_optimal,timing_code,number_of_iterations
0,14.917208110191572,0.0,541.5119678936005,100.0
1,5.562411466970184,0.0,2.138205051408175,0.0
