,percent_error,obtain_optimal,timing_code,number_of_iterations
0,63.89376076099979,0.0,645.4852924356461,100.0
1,10.425276349831767,0.0,1.8323158739572434,0.0
