,percent_error,obtain_optimal,timing_code,number_of_iterations
0,62.47787658100464,0.0,641.4977015123367,100.0
1,10.445286135332918,0.0,3.4168820087208847,0.0
