,percent_error,obtain_optimal,timing_code,number_of_iterations
0,3.6489115894653397,0.092,505.0576134815216,100.0
1,4.531098396285754,0.2896057422493123,0.39411513517210955,0.0
