,percent_error,obtain_optimal,timing_code,number_of_iterations
0,75.14856456129125,0.0,643.9161648893356,100.0
1,10.369421001920529,0.0,5.9287279591285955,0.0
