,percent_error,obtain_optimal,timing_code,number_of_iterations
0,6.043539343727199,0.028,504.26341628932954,100.0
1,5.935003466786292,0.16530366361584148,0.27731594693351996,0.0
