,percent_error,obtain_optimal,timing_code,number_of_iterations
0,65.14784028097426,0.0,652.5291188488006,100.0
1,11.560332829738286,0.0,2.104249083366025,0.0
