,percent_error,obtain_optimal,timing_code,number_of_iterations
0,1.723356999357721e-14,0.06,503.94130665683747,100.0
1,4.3627194048206865e-15,0.2379632451117113,0.7543352933365022,0.0
