,percent_error,obtain_optimal,timing_code,number_of_iterations
0,0.5890440139790676,0.184,502.9090635957718,100.0
1,0.929170854190071,0.38826149429451184,0.258932882802299,0.0
