,percent_error,obtain_optimal,timing_code,number_of_iterations
0,49.114277812364485,0.0,613.8259804306031,100.0
1,8.82174843531174,0.0,1.9015356804645385,0.0
