,percent_error,obtain_optimal,timing_code,number_of_iterations
0,45.68893260193927,0.0,568.1618970565796,100.0
1,10.321626991640375,0.0,1.8922517382680002,0.0
