,percent_error,obtain_optimal,timing_code,number_of_iterations
0,0.0019872781570827477,0.124,503.3053255176544,100.0
1,0.02217378501040205,0.3302427000916983,0.5198744704081464,0.0
