,percent_error,obtain_optimal,timing_code,number_of_iterations
0,2.0604562857324016,0.184,507.52115738201144,100.0
1,2.9581334467673543,0.38826149429451184,1.8800325476893702,0.0
