,percent_error,obtain_optimal,timing_code,number_of_iterations
0,80.26825937825215,0.0,1695.9010422878266,100.0
1,9.633238467109686,0.0,27.05715386826474,0.0
