,percent_error,obtain_optimal,timing_code,number_of_iterations
0,23.7503344227961,0.0,547.501445239067,100.0
1,8.943222839806166,0.0,1.06983352792642,0.0
