,percent_error,obtain_optimal,timing_code,number_of_iterations
0,16.49588340451975,0.0,535.5293930282593,100.0
1,6.519126036478811,0.0,1.0427125680874754,0.0
