,percent_error,obtain_optimal,timing_code,number_of_iterations
0,6.4293447896920685e-15,0.648,507.43340514850615,100.0
1,8.74084096398434e-15,0.47855203290005055,0.8891244927150331,0.0
