,percent_error,obtain_optimal,timing_code,number_of_iterations
0,1.8040247737957416e-14,0.016,508.3269191112518,100.0
1,2.3050230364852933e-15,0.12572680269402642,1.2459420156934096,0.0
