,percent_error,obtain_optimal,timing_code,number_of_iterations
0,65.24757773636941,0.0,1740.7743173265458,100.0
1,9.461110157325466,0.0,50.78262211708113,0.0
