,percent_error,obtain_optimal,timing_code,number_of_iterations
0,33.462221636678976,0.004,560.815249797821,100.0
1,10.29707074216317,0.06324555320336758,0.34408327248326265,0.0
