,percent_error,obtain_optimal,timing_code,number_of_iterations
0,74.55284729265222,0.0,1692.996757159233,100.0
1,8.214645012860071,0.0,4.7886105981958265,0.0
