,percent_error,obtain_optimal,timing_code,number_of_iterations
0,52.40473160569951,0.0,618.2953313560486,100.0
1,10.03429676856768,0.0,0.315832620855157,0.0
