,percent_error,obtain_optimal,timing_code,number_of_iterations
0,21.750947754326543,0.0,559.2323789110184,100.0
1,8.856118147094678,0.0,1.8445193007308547,0.0
