,percent_error,obtain_optimal,timing_code,number_of_iterations
0,89.96573752847908,0.0,1730.0414883403778,100.0
1,8.682395571237157,0.0,31.169567536659628,0.0
