,percent_error,obtain_optimal,timing_code,number_of_iterations
0,12.696525452556013,0.0,554.0927685594559,100.0
1,5.413905006077346,0.0,0.9313514448019691,0.0
