,percent_error,obtain_optimal,timing_code,number_of_iterations
0,0.0918103300023447,0.596,508.2161399726868,100.0
1,0.18741107665799553,0.4916818117604761,1.1353303309206166,0.0
