,percent_error,obtain_optimal,timing_code,number_of_iterations
0,36.02323219765107,0.0,526.8355673646927,100.0
1,10.201392904613245,0.0,0.010971073695659346,0.0
