,percent_error,obtain_optimal,timing_code,number_of_iterations
0,0.9612280905343018,0.0,501.3858036184311,100.0
1,1.4009707715632878,0.0,0.2397774397405234,0.0
