,percent_error,obtain_optimal,timing_code,number_of_iterations
0,0.0002492645312479774,0.99,502.2263881874085,100.0
1,0.0024926453124797733,0.1,0.30201015483981014,0.0
