,percent_error,obtain_optimal,timing_code,number_of_iterations
0,15.326677402873198,0.0,501.31311090946195,100.0
1,5.720865040148375,0.0,0.011092153597823676,0.0
