,percent_error,obtain_optimal,timing_code,number_of_iterations
0,18.22412672288524,0.004,529.6964076337814,100.0
1,6.323033148121778,0.06324555320336758,0.25483431347230007,0.0
