,percent_error,obtain_optimal,timing_code,number_of_iterations
0,93.89712741818407,0.0,1736.048297706604,100.0
1,8.5282907694368,0.0,33.416987688188634,0.0
