,percent_error,obtain_optimal,timing_code,number_of_iterations
0,11.684067523505618,0.032,507.9066857843399,100.0
1,6.901732108498722,0.17635305953236452,0.9823221664743111,0.0
