,percent_error,obtain_optimal,timing_code,number_of_iterations
0,93.97182845355223,0.0,1768.6571024065017,100.0
1,9.2604502032251,0.0,35.199190136351575,0.0
