,percent_error,obtain_optimal,timing_code,number_of_iterations
0,23.601404517204084,0.0,541.4045929956436,100.0
1,9.574144087713462,0.0,1.432655101189621,0.0
