,percent_error,obtain_optimal,timing_code,number_of_iterations
0,77.47117500734417,0.0,1735.1175748758317,100.0
1,8.168835772820938,0.0,3.8705074766449252,0.0
