,percent_error,obtain_optimal,timing_code,number_of_iterations
0,85.40958143000259,0.0,1733.7117742872238,100.0
1,10.556295616188843,0.0,31.74064603121194,0.0
