,percent_error,obtain_optimal,timing_code,number_of_iterations
0,77.9574810408195,0.0,682.7828617534637,100.0
1,10.93662695664017,0.0,4.089213179712077,0.0
