,percent_error,obtain_optimal,timing_code,number_of_iterations
0,48.877477703852676,0.0,586.6247190761566,100.0
1,10.7121805032898,0.0,1.2732382483328033,0.0
