,percent_error,obtain_optimal,timing_code,number_of_iterations
0,24.05140765515727,0.0,548.8236371707916,100.0
1,9.468232509355616,0.0,5.225039412202065,0.0
