,percent_error,obtain_optimal,timing_code,number_of_iterations
0,83.7494052902042,0.0,1694.8511966199874,100.0
1,10.851117876513076,0.0,7.411458701023978,0.0
