,percent_error,obtain_optimal,timing_code,number_of_iterations
0,0.07903133870552152,0.176,503.48035931301115,100.0
1,0.22588357164823325,0.3815841004324096,1.5189918400994016,0.0
