,percent_error,obtain_optimal,timing_code,number_of_iterations
0,56.77625264871959,0.0,641.3829112529754,100.0
1,6.939314841670596,0.0,1.4600164381260468,0.0
