,percent_error,obtain_optimal,timing_code,number_of_iterations
0,0.6720476032712266,0.26,512.1690294456482,100.0
1,0.8615083800462133,0.4395141530861688,0.7717774312599524,0.0
