,percent_error,obtain_optimal,timing_code,number_of_iterations
0,76.10380294945298,0.0,636.8260002441406,100.0
1,10.401965749123184,0.0,1.532793975318991,0.0
