,percent_error,obtain_optimal,timing_code,number_of_iterations
0,0.10107748201786987,0.168,502.16835618591307,100.0
1,0.2610068587635868,0.37461626953135707,0.30729862933435514,0.0
