,percent_error,obtain_optimal,timing_code,number_of_iterations
0,82.66296313876676,0.0,1688.8910427837372,100.0
1,9.816595983011485,0.0,5.06220774228849,0.0
