,percent_error,obtain_optimal,timing_code,number_of_iterations
0,50.124032715989486,0.0,597.2869257154465,100.0
1,8.37387182720523,0.0,1.008194177905175,0.0
