,percent_error,obtain_optimal,timing_code,number_of_iterations
0,1.760024169556821e-14,0.04,503.91634688186645,100.0
1,3.59984118847806e-15,0.19635227746952638,0.715603318093724,0.0
