,percent_error,obtain_optimal,timing_code,number_of_iterations
0,18.302416787568934,0.0,530.4619408340454,100.0
1,5.689898983585136,0.0,0.1701315306411891,0.0
