,percent_error,obtain_optimal,timing_code,number_of_iterations
0,49.36390114796814,0.0,574.073300125122,100.0
1,11.172432827388866,0.0,1.241395527798417,0.0
