,percent_error,obtain_optimal,timing_code,number_of_iterations
0,75.92224697483128,0.0,636.1484386968613,100.0
1,10.922020746404302,0.0,3.068676134736442,0.0
