,percent_error,obtain_optimal,timing_code,number_of_iterations
0,54.700765708567424,0.0,651.5758534841538,100.0
1,10.458967266564258,0.0,2.081307693482269,0.0
