,average,standard deviation,domain with QUBO size
0,46.91503195944457,27.608662285229336,14 (49)
