,average,standard deviation,domain with QUBO size
0,9.664202745512144,9.763547885256056,6 (12)
