,average,standard deviation,domain with QUBO size
0,38.10763733809736,24.57815983284739,12 (39)
