,average,standard deviation,domain with QUBO size
0,18.622323462414577,16.297595694161927,8 (17)
