,average,standard deviation,domain with QUBO size
0,43.654154518950435,26.350622161346706,16b (49)
