,average,standard deviation,domain with QUBO size
0,42.86256577298923,26.221116554140433,16a (49)
