,average,standard deviation,domain with QUBO size
0,36.43789726851057,24.807412149816994,12 (39)
