,average,standard deviation,domain with QUBO size
0,41.77486026257637,25.863938703718976,15 (49)
