,percent_error,obtain_optimal,timing_code,number_of_iterations
0,3.7661870503597124,0.02,510.99512899160385,100.0
1,1.3637234941110272,0.14070529413628968,0.7123583028662975,0.0
