,percent_error,obtain_optimal,timing_code,number_of_iterations
0,7.896236559139785,0.0,668.7959944891929,100.0
1,0.980142572272111,0.0,4.666376029893424,0.0
