,percent_error,obtain_optimal,timing_code,number_of_iterations
0,2.0161290322580645,0.46,508.14039597034457,100.0
1,2.112008222562314,0.5009082659620331,1.0231489516647279,0.0
