,percent_error,obtain_optimal,timing_code,number_of_iterations
0,5.756410256410256,0.0,554.1396231794357,100.0
1,1.3227099105231899,0.0,2.3748956641274166,0.0
