,percent_error,obtain_optimal,timing_code,number_of_iterations
0,3.9748201438848922,0.01,508.5470367050171,100.0
1,1.4089018917277703,0.1,0.9056093262234686,0.0
