,percent_error,obtain_optimal,timing_code,number_of_iterations
0,2.306451612903226,0.43,503.69970757484435,100.0
1,2.3039717383998193,0.49756985195624304,0.39429611992651403,0.0
