,percent_error,obtain_optimal,timing_code,number_of_iterations
0,6.261827956989247,0.0,652.7281238031387,100.0
1,1.169376342639872,0.0,1.2699870648093452,0.0
