,percent_error,obtain_optimal,timing_code,number_of_iterations
0,6.76798613117596,0.0,2082.1404731845855,100.0
1,0.802716645765161,0.0,124.85866566596044,0.0
