,percent_error,obtain_optimal,timing_code,number_of_iterations
0,6.307204180664427,0.0,1809.6396066474915,100.0
1,0.8875142889678284,0.0,7.6855892114525215,0.0
