,percent_error,obtain_optimal,timing_code,number_of_iterations
0,2.8453237410071943,0.02,510.0451064515114,100.0
1,1.1002405589198108,0.14070529413628968,1.4740845059124557,0.0
