,percent_error,obtain_optimal,timing_code,number_of_iterations
0,3.2338129496402876,0.01,510.4450389647484,100.0
1,0.9920469154449907,0.1,1.1443142924956904,0.0
