,percent_error,obtain_optimal,timing_code,number_of_iterations
0,3.4743589743589745,0.01,555.2131641149521,100.0
1,0.9773537011822072,0.1,1.671461822307075,0.0
