,percent_error,obtain_optimal,timing_code,number_of_iterations
0,3.784188034188034,0.0,500.8061349415779,100.0
1,1.0371838705388436,0.0,0.05729975503870999,0.0
