,percent_error,obtain_optimal,timing_code,number_of_iterations
0,5.571800057786767,0.0,505.62559562683106,100.0
1,0.798298657627618,0.0,1.4847495099218837,0.0
