,percent_error,obtain_optimal,timing_code,number_of_iterations
0,5.447870778267254,0.0,501.24386157512663,100.0
1,1.1330753114170702,0.0,0.004535073792318989,0.0
