,percent_error,obtain_optimal,timing_code,number_of_iterations
0,7.585668881826062,0.0,1818.462776606083,100.0
1,0.7579043946042193,0.0,10.961070208011837,0.0
