,percent_error,obtain_optimal,timing_code,number_of_iterations
0,2.5806451612903225,0.32,508.5963532137871,100.0
1,2.1197701312024866,0.4688261722621507,1.2036466598736248,0.0
