,percent_error,obtain_optimal,timing_code,number_of_iterations
0,7.659139784946237,0.0,654.6018911838531,100.0
1,1.1257670774108537,0.0,3.3520249094386827,0.0
