,percent_error,obtain_optimal,timing_code,number_of_iterations
0,7.560531638254839,0.0,1809.7723477578163,100.0
1,0.7321736860467495,0.0,14.594396960727797,0.0
