,percent_error,obtain_optimal,timing_code,number_of_iterations
0,3.79136690647482,0.0,506.9995861673355,100.0
1,1.3316862816586912,0.0,0.3151214323335116,0.0
