,percent_error,obtain_optimal,timing_code,number_of_iterations
0,8.311306901615271,0.0,650.5410188961029,100.0
1,1.566636877492509,0.0,2.215558379238903,0.0
