,percent_error,obtain_optimal,timing_code,number_of_iterations
0,6.423728813559322,0.0,626.0927475118638,100.0
1,1.2616523836819646,0.0,12.246420653630246,0.0
