,percent_error,obtain_optimal,timing_code,number_of_iterations
0,18.098832684824902,0.0,1836.0861512160302,100.0
1,1.6447168757287742,0.0,9.362879297851784,0.0
