,percent_error,obtain_optimal,timing_code,number_of_iterations
0,21.290272373540855,0.0,1746.100341539383,100.0
1,1.7463131981933102,0.0,14.574645167406054,0.0
