,percent_error,obtain_optimal,timing_code,number_of_iterations
0,20.607390300230946,0.0,1794.272165310383,100.0
1,2.2646180276350187,0.0,10.206702710641778,0.0
