,percent_error,obtain_optimal,timing_code,number_of_iterations
0,20.21016166281755,0.0,1807.3785582637786,100.0
1,1.956139495533272,0.0,9.79265217756282,0.0
