,percent_error,obtain_optimal,timing_code,number_of_iterations
0,19.15875486381323,0.0,1890.117543683052,100.0
1,1.7057152971885265,0.0,15.069968166666392,0.0
