,percent_error,obtain_optimal,timing_code,number_of_iterations
0,18.433160621761658,0.0,2056.392100994587,100.0
1,1.973961730931766,0.0,133.41497511240803,0.0
