,percent_error,obtain_optimal,timing_code,number_of_iterations
0,15.382642998027613,0.0,648.1328884530068,100.0
1,2.487084064616729,0.0,2.0861282165646027,0.0
