,percent_error,obtain_optimal,timing_code,number_of_iterations
0,19.885603112840467,0.0,1792.7635852241517,100.0
1,1.8836996352109843,0.0,18.636662986820344,0.0
