,percent_error,obtain_optimal,timing_code,number_of_iterations
0,19.708949416342413,0.0,1820.4227368497848,100.0
1,1.8724676905630617,0.0,4.884464985820767,0.0
