,percent_error,obtain_optimal,timing_code,number_of_iterations
0,19.24567474048443,0.0,600.5975141406059,100.0
1,2.961013478102461,0.0,1.4260562919273645,0.0
