,percent_error,obtain_optimal,timing_code,number_of_iterations
0,19.094409937888198,0.0,672.8422117376327,100.0
1,2.1127454405421244,0.0,1.717970097867225,0.0
