,percent_error,obtain_optimal,timing_code,number_of_iterations
0,18.20173913043478,0.0,656.595123667717,100.0
1,2.5675835242494918,0.0,2.4123018680258808,0.0
