,percent_error,obtain_optimal,timing_code,number_of_iterations
0,10.33910034602076,0.0,500.9934603381157,100.0
1,2.9701891710280304,0.0,0.016247022258469333,0.0
