,percent_error,obtain_optimal,timing_code,number_of_iterations
0,19.70062111801242,0.0,665.0922960662842,100.0
1,2.348967729098377,0.0,1.8714196525169835,0.0
