,percent_error,obtain_optimal,timing_code,number_of_iterations
0,19.951557093425606,0.0,603.0991813325882,100.0
1,3.13497965346241,0.0,0.9285711005618255,0.0
