,percent_error,obtain_optimal,timing_code,number_of_iterations
0,18.512820512820515,0.0,655.8802422690392,100.0
1,2.4611194022729785,0.0,2.463461715812401,0.0
