,percent_error,obtain_optimal,timing_code,number_of_iterations
0,22.924193548387098,0.0,658.8963189554214,100.0
1,2.5444115436231036,0.0,2.808023133497873,0.0
