,percent_error,obtain_optimal,timing_code,number_of_iterations
0,24.488184473045305,0.0,501.61080367565154,100.0
1,8.68716067676165,0.0,0.10758152789314789,0.0
