,percent_error,obtain_optimal,timing_code,number_of_iterations
0,0.41332470401500265,0.21,501.41697835206986,100.0
1,1.4435850806852244,0.40936018074033237,0.2580598818780166,0.0
