,percent_error,obtain_optimal,timing_code,number_of_iterations
0,13.384742106007911,0.0,501.29279994487763,100.0
1,5.335517209954904,0.0,0.04939617159334374,0.0
