,percent_error,obtain_optimal,timing_code,number_of_iterations
0,28.653138697972054,0.0,502.3878162837029,100.0
1,8.325407772454716,0.0,0.39962012908155586,0.0
