,percent_error,obtain_optimal,timing_code,number_of_iterations
0,6.480093552038759,0.0,500.9879901146889,100.0
1,4.15147579649729,0.0,0.044433585724008524,0.0
