,percent_error,obtain_optimal,timing_code,number_of_iterations
0,1.7037953560437644e-15,0.87,503.30623416900636,100.0
1,4.429837375216546e-15,0.33799766898963113,0.4262671402358013,0.0
