,percent_error,obtain_optimal,timing_code,number_of_iterations
0,21.58012786960983,0.0,501.5163603234291,100.0
1,7.592066199951335,0.0,0.0779662896625181,0.0
