,percent_error,obtain_optimal,timing_code,number_of_iterations
0,9.859727774900689,0.12,500.88375148773196,100.0
1,6.505865666344037,0.3265986323710904,0.06919721963493661,0.0
