,percent_error,obtain_optimal,timing_code,number_of_iterations
0,1.833358509955022e-14,0.0,512.5569291424752,100.0
1,0.0,0.0,0.7440502298035864,0.0
