,percent_error,obtain_optimal,timing_code,number_of_iterations
0,3.655472525876096,0.2,500.8436306476593,100.0
1,3.8013083635824696,0.4020151261036849,0.12888188487871324,0.0
