,percent_error,obtain_optimal,timing_code,number_of_iterations
0,12.242603550295858,0.0,501.23361723423005,100.0
1,1.910296186608565,0.0,0.0056671215062992185,0.0
