,percent_error,obtain_optimal,timing_code,number_of_iterations
0,14.307826086956522,0.0,501.4587312936783,100.0
1,2.1991306796366232,0.0,0.016028650788882867,0.0
