,percent_error,obtain_optimal,timing_code,number_of_iterations
0,14.796887159533075,0.0,519.3017212796211,100.0
1,1.5049875526869145,0.0,3.6848619957562376,0.0
