,percent_error,obtain_optimal,timing_code,number_of_iterations
0,14.904838709677419,0.0,501.67716580867767,100.0
1,2.321083905513012,0.0,0.014406577522036789,0.0
