,percent_error,obtain_optimal,timing_code,number_of_iterations
0,4.795072788353863,0.0,502.3468729066849,100.0
1,0.7436084090804238,0.0,0.2455013495497853,0.0
