,percent_error,obtain_optimal,timing_code,number_of_iterations
0,2.460431654676259,0.02,500.96719123125075,100.0
1,0.8596682171325418,0.14070529413628968,0.28253911166855317,0.0
