,percent_error,obtain_optimal,timing_code,number_of_iterations
0,7.053004852556924,0.0,1736.1069315958023,100.0
1,0.7563310279711615,0.0,33.73994075794729,0.0
