,percent_error,obtain_optimal,timing_code,number_of_iterations
0,8.381057268722467,0.0,650.5795928025245,100.0
1,1.3084753830010087,0.0,1.8760860655324647,0.0
