,percent_error,obtain_optimal,timing_code,number_of_iterations
0,6.12953995157385,0.0,603.7145311617851,100.0
1,1.406563608853425,0.0,1.370876976966425,0.0
