,percent_error,obtain_optimal,timing_code,number_of_iterations
0,7.694308003467206,0.0,1849.3714214539527,100.0
1,0.7770888411332997,0.0,38.118372486366724,0.0
