,percent_error,obtain_optimal,timing_code,number_of_iterations
0,5.504273504273504,0.0,545.1356104779244,100.0
1,1.1553240668514027,0.0,1.9676304693780489,0.0
