,percent_error,obtain_optimal,timing_code,number_of_iterations
0,6.547215496368039,0.0,600.6794559335708,100.0
1,1.3794650164561932,0.0,1.1894820745673496,0.0
