,percent_error,obtain_optimal,timing_code,number_of_iterations
0,6.539728402195897,0.0,1833.8695772743224,100.0
1,0.7607562393992079,0.0,6.0463531577264575,0.0
