,percent_error,obtain_optimal,timing_code,number_of_iterations
0,7.716666666666667,0.0,651.0725215911865,100.0
1,0.9038906548311129,0.0,2.339981532229946,0.0
