,percent_error,obtain_optimal,timing_code,number_of_iterations
0,5.843825665859564,0.0,609.6744114470482,100.0
1,1.2072070436488742,0.0,1.3330879786559608,0.0
