,percent_error,obtain_optimal,timing_code,number_of_iterations
0,6.0907990314769975,0.0,597.6331295132637,100.0
1,1.2416477968819108,0.0,0.31610122185719314,0.0
