,percent_error,obtain_optimal,timing_code,number_of_iterations
0,6.245698924731183,0.0,657.9994413089752,100.0
1,0.9949958060188739,0.0,2.1554135507912537,0.0
