,percent_error,obtain_optimal,timing_code,number_of_iterations
0,7.9331864904552125,0.0,653.9422716975212,100.0
1,1.336555199332805,0.0,1.7239440024617505,0.0
