,percent_error,obtain_optimal,timing_code,number_of_iterations
0,4.514527845036319,0.0,604.4323330569267,100.0
1,1.0826084987548308,0.0,1.2823709359186497,0.0
