,percent_error,obtain_optimal,timing_code,number_of_iterations
0,4.260290556900727,0.0,598.5039663910866,100.0
1,1.0742893718582187,0.0,0.3202149078875155,0.0
