,percent_error,obtain_optimal,timing_code,number_of_iterations
0,0.024193548387096774,0.99,503.8880861139298,100.0
1,0.24193548387096772,0.1,0.6435068859382491,0.0
