,percent_error,obtain_optimal,timing_code,number_of_iterations
0,7.356451612903226,0.0,655.935768430233,100.0
1,1.0540165175781213,0.0,1.909531110711413,0.0
