,percent_error,obtain_optimal,timing_code,number_of_iterations
0,4.64043583535109,0.0,501.0189867687225,100.0
1,0.9797776813425522,0.0,0.02995162931825252,0.0
