,percent_error,obtain_optimal,timing_code,number_of_iterations
0,3.935483870967742,0.0,501.58603107452393,100.0
1,0.804730069380943,0.0,0.015156952400132213,0.0
