,percent_error,obtain_optimal,timing_code,number_of_iterations
0,6.8872713699141475,0.0,1826.2986715888976,100.0
1,0.792587849050857,0.0,10.68544085726651,0.0
