,percent_error,obtain_optimal,timing_code,number_of_iterations
0,2.596774193548387,0.37,502.90806713342664,100.0
1,2.2566094087385977,0.48523658709390977,0.31556256203040317,0.0
