,percent_error,obtain_optimal,timing_code,number_of_iterations
0,5.623931623931624,0.0,542.7629040074348,100.0
1,1.2414355500479712,0.0,1.783296379200518,0.0
