,percent_error,obtain_optimal,timing_code,number_of_iterations
0,8.318649045521292,0.0,701.346527159214,100.0
1,1.1502218728394724,0.0,19.316408359273552,0.0
