,percent_error,obtain_optimal,timing_code,number_of_iterations
0,7.759677419354839,0.0,663.7114356470108,100.0
1,1.0029455853256777,0.0,1.8928983563790291,0.0
