,percent_error,obtain_optimal,timing_code,number_of_iterations
0,5.564389697648377,0.0,1812.5190189599991,100.0
1,0.6951850313550508,0.0,11.495994618983731,0.0
