,percent_error,obtain_optimal,timing_code,number_of_iterations
0,7.91505376344086,0.0,653.0692390108109,100.0
1,0.91831528176682,0.0,2.2265131455513325,0.0
