,percent_error,obtain_optimal,timing_code,number_of_iterations
0,8.000734214390603,0.0,659.6150936484337,100.0
1,1.3646589441521222,0.0,1.6112926181801503,0.0
