,percent_error,obtain_optimal,timing_code,number_of_iterations
0,6.342143906020558,0.0,655.213286318779,100.0
1,1.4278870726056572,0.0,1.7529408005651177,0.0
