,percent_error,obtain_optimal,timing_code,number_of_iterations
0,1.3669064748201438,0.02,505.46805021286013,100.0
1,0.5784390303650141,0.14070529413628968,0.21057749851074967,0.0
