,percent_error,obtain_optimal,timing_code,number_of_iterations
0,5.021367521367521,0.0,10.188534140586853,30.0
1,1.0576383479285967,0.0,0.49381827102492315,0.0
