,percent_error,obtain_optimal,timing_code,number_of_iterations
0,6.886898096304591,0.0,182.03514349460602,30.0
1,0.1319721502774444,0.0,27.08282121410538,0.0
