,percent_error,obtain_optimal,timing_code,number_of_iterations
0,3.597122302158273,0.0,7.420960187911987,30.0
1,1.5261297435680883,0.0,0.0014778370961859883,0.0
