,percent_error,obtain_optimal,timing_code,number_of_iterations
0,6.855244149089859,0.0,1817.77813880682,100.0
1,0.7361199633221219,0.0,22.670548164546407,0.0
