,percent_error,obtain_optimal,timing_code,number_of_iterations
0,3.3119658119658117,0.0,10.268684983253479,30.0
1,0.1510911925612285,0.0,0.20756058486159984,0.0
