,percent_error,obtain_optimal,timing_code,number_of_iterations
0,8.118279569892474,0.0,22.443896651268005,30.0
1,2.7371875400769587,0.0,0.05935136066043502,0.0
