,percent_error,obtain_optimal,timing_code,number_of_iterations
0,5.575539568345324,0.0,7.177395343780518,30.0
1,1.7804847008294364,0.0,0.08409408954724047,0.0
