,percent_error,obtain_optimal,timing_code,number_of_iterations
0,6.5375302663438255,0.0,13.74883496761322,30.0
1,0.34242459137362996,0.0,0.06666434463925726,0.0
