,percent_error,obtain_optimal,timing_code,number_of_iterations
0,8.566888182606183,0.0,151.21054804325104,30.0
1,1.0419660745597792,0.0,2.16109668472289,0.0
