,percent_error,obtain_optimal,timing_code,number_of_iterations
0,7.797356828193832,0.0,663.3935191464424,100.0
1,1.332500486582054,0.0,2.13205234380366,0.0
