,percent_error,obtain_optimal,timing_code,number_of_iterations
0,5.8979441997063144,0.0,687.8584697818756,100.0
1,1.5787568561187273,0.0,3.535806063261384,0.0
