,percent_error,obtain_optimal,timing_code,number_of_iterations
0,6.270996640537514,0.0,256.96858835220337,30.0
1,1.0557772022195555,0.0,12.046276359944134,0.0
