,percent_error,obtain_optimal,timing_code,number_of_iterations
0,7.465472191116088,0.0,220.00252652168274,30.0
1,0.6862551814427122,0.0,0.6548416544599461,0.0
