,percent_error,obtain_optimal,timing_code,number_of_iterations
0,8.920704845814978,0.0,23.03250527381897,30.0
1,3.063091049192827,0.0,0.869273018565792,0.0
