,percent_error,obtain_optimal,timing_code,number_of_iterations
0,8.19127419820861,0.0,220.5486022233963,30.0
1,0.30646061016464043,0.0,15.398426799195061,0.0
