,percent_error,obtain_optimal,timing_code,number_of_iterations
0,5.3418803418803416,0.0,10.536171793937683,30.0
1,0.3021823851224564,0.0,1.5209046004557543,0.0
