,percent_error,obtain_optimal,timing_code,number_of_iterations
0,7.506053268765133,0.0,12.857741594314575,30.0
1,1.0272737741208928,0.0,1.4376121439671912,0.0
