,percent_error,obtain_optimal,timing_code,number_of_iterations
0,7.801213522103438,0.0,152.3044229745865,30.0
1,1.9204864903650827,0.0,0.8134188348073969,0.0
