,percent_error,obtain_optimal,timing_code,number_of_iterations
0,6.182795698924732,0.0,25.499149680137634,30.0
1,2.6611545528525977,0.0,0.5126754453982733,0.0
