,percent_error,obtain_optimal,timing_code,number_of_iterations
0,7.248772031204854,0.0,2122.7960358572004,100.0
1,0.7975119440945714,0.0,80.62217252502752,0.0
