,percent_error,obtain_optimal,timing_code,number_of_iterations
0,8.994126284875183,0.0,22.479827046394348,30.0
1,1.1940863412107645,0.0,0.2444397516582083,0.0
