,percent_error,obtain_optimal,timing_code,number_of_iterations
0,2.7777777777777777,0.0,9.984063863754272,30.0
1,2.4174590809796497,0.0,0.005334442322326836,0.0
