,percent_error,obtain_optimal,timing_code,number_of_iterations
0,9.220430107526882,0.0,24.489357233047485,30.0
1,0.19008246806090034,0.0,1.180037917026442,0.0
