,percent_error,obtain_optimal,timing_code,number_of_iterations
0,8.855822016758161,0.0,219.1212159395218,30.0
1,0.5924905129849712,0.0,4.759885862420504,0.0
