,percent_error,obtain_optimal,timing_code,number_of_iterations
0,7.581334874313782,0.0,1794.0300013947488,100.0
1,0.840935850203613,0.0,23.541329860990068,0.0
