,percent_error,obtain_optimal,timing_code,number_of_iterations
0,3.237410071942446,0.0,7.572988748550415,30.0
1,1.526129743568088,0.0,0.030426315702196532,0.0
