,percent_error,obtain_optimal,timing_code,number_of_iterations
0,5.3247863247863245,0.0,544.9110157370567,100.0
1,1.0279765632399274,0.0,2.066106923925218,0.0
