,percent_error,obtain_optimal,timing_code,number_of_iterations
0,2.697841726618705,0.0,6.687670350074768,30.0
1,2.289194615352132,0.0,0.05583024434844089,0.0
