,percent_error,obtain_optimal,timing_code,number_of_iterations
0,9.032258064516128,0.0,17.960232257843018,30.0
1,0.8363628594679587,0.0,0.048764240901892485,0.0
