,percent_error,obtain_optimal,timing_code,number_of_iterations
0,8.220167581623809,0.0,680.0768570899963,50.0
1,0.18387636609878438,0.0,119.40131511300696,0.0
