,percent_error,obtain_optimal,timing_code,number_of_iterations
0,8.865248226950355,0.0,147.5813740491867,30.0
1,0.026394430055488256,0.0,0.5042342745785114,0.0
