,percent_error,obtain_optimal,timing_code,number_of_iterations
0,3.373931623931624,0.0,560.0305073785781,100.0
1,1.2404748727243655,0.0,2.8907325717383814,0.0
