,percent_error,obtain_optimal,timing_code,number_of_iterations
0,5.818215752146323,0.0,1824.0974259519578,100.0
1,0.684399833629835,0.0,8.498138507501215,0.0
