,percent_error,obtain_optimal,timing_code,number_of_iterations
0,7.061590145576708,0.0,1804.1845902228356,100.0
1,0.8278653818826505,0.0,9.51335516157289,0.0
