,percent_error,obtain_optimal,timing_code,number_of_iterations
0,6.364315042926465,0.0,1814.1061829638481,100.0
1,0.7814829860513398,0.0,5.450998258586047,0.0
