,percent_error,obtain_optimal,timing_code,number_of_iterations
0,6.719128329297821,0.0,14.015557765960693,30.0
1,0.7704553305906688,0.0,0.26290158859252627,0.0
