,percent_error,obtain_optimal,timing_code,number_of_iterations
0,8.516886930983848,0.0,27.149932861328125,30.0
1,3.7380094159641293,0.0,1.1219926029076623,0.0
