,percent_error,obtain_optimal,timing_code,number_of_iterations
0,4.863247863247863,0.0,539.9308112454414,100.0
1,1.2485625891261996,0.0,1.7746894881457747,0.0
