,percent_error,obtain_optimal,timing_code,number_of_iterations
0,8.847283406754773,0.0,18.16311514377594,30.0
1,2.2324222900896884,0.0,0.0982296367756122,0.0
