,percent_error,obtain_optimal,timing_code,number_of_iterations
0,7.566585956416464,0.0,14.293126940727234,30.0
1,0.25681844353022354,0.0,0.3634924604091128,0.0
