,percent_error,obtain_optimal,timing_code,number_of_iterations
0,1.5683453237410072,0.0,506.0455667304993,100.0
1,0.6355430214772722,0.0,0.9667346385594154,0.0
