,percent_error,obtain_optimal,timing_code,number_of_iterations
0,5.587606837606837,0.0,565.6053216052055,100.0
1,1.3412526968554601,0.0,6.230595695276289,0.0
