,percent_error,obtain_optimal,timing_code,number_of_iterations
0,6.932437476670399,0.0,1787.1640572476388,100.0
1,0.7685089970340869,0.0,27.146712084270455,0.0
