,percent_error,obtain_optimal,timing_code,number_of_iterations
0,6.594430992736077,0.0,596.4810218858719,100.0
1,1.361182073100485,0.0,0.20703845963815518,0.0
