,percent_error,obtain_optimal,timing_code,number_of_iterations
0,3.9784172661870505,0.01,506.1474031043053,100.0
1,1.3573495840522936,0.1,0.2995406899654578,0.0
